hardware_type,device_name,tdp_watts,num_cores,memory_gb,model_type,batch_size,runtime_hours,utilization_pct,energy_kwh,co2_kg
GPU,V100,300,5120,32,CNN,16,2.242630503728556,0.8288300501500231,0.551,0.262
GPU,A100,400,6912,80,LLM,128,8.728673384861883,0.7306132564587648,2.521,1.197
GPU,A100,400,6912,80,Transformer,32,1.0359100007574524,0.7970993247467536,0.321,0.152
CPU,Xeon Gold,165,24,128,CNN,128,3.3903013081156086,0.6886160373977308,0.375,0.178
GPU,RTX 3090,350,10496,24,CNN,128,5.485359272454697,0.6199235344433905,1.136,0.54
CPU,Ryzen 9,105,16,64,Transformer,64,7.9591716332336295,0.5098205801870979,0.396,0.188
GPU,V100,300,5120,32,CNN,16,0.9412789208399783,0.7341496685457911,0.204,0.097
GPU,RTX 3090,350,10496,24,Transformer,16,8.17977480710638,0.5675375730453539,1.622,0.771
GPU,RTX 4090,450,16384,24,LLM,128,6.991003428841853,0.7354981617804415,2.409,1.144
GPU,RTX 4090,450,16384,24,Transformer,32,5.440646201189203,0.7006906536388038,1.611,0.765
CPU,Xeon Gold,165,24,128,LLM,32,8.501705358652487,0.6473647733533712,0.918,0.436
CPU,Ryzen 9,105,16,64,LLM,16,5.447925470245325,0.928644613392142,0.555,0.263
CPU,Xeon Gold,165,24,128,Transformer,16,5.627075257696258,0.7227131411151164,0.683,0.324
GPU,RTX 3090,350,10496,24,CNN,64,8.120871317163378,0.44100285402387396,1.143,0.543
GPU,RTX 3090,350,10496,24,CNN,64,2.387798974574638,0.4030371644179813,0.348,0.165
GPU,A100,400,6912,80,CNN,32,6.256619760419608,0.9094654831823419,2.173,1.032
GPU,RTX 3090,350,10496,24,LLM,16,8.575366489003093,0.6471978707760119,1.925,0.914
CPU,Xeon Gold,165,24,128,LLM,64,6.117328983223407,0.5510969861445353,0.545,0.259
GPU,RTX 3090,350,10496,24,LLM,16,1.636145336413866,0.7922846329726472,0.433,0.205
CPU,Ryzen 9,105,16,64,LLM,32,0.8841191006150978,0.7908645893271831,0.076,0.036
GPU,RTX 4090,450,16384,24,CNN,16,2.416332422186264,0.8926699776204357,0.975,0.463
CPU,Ryzen 9,105,16,64,CNN,64,2.868276176914312,0.6257106076695964,0.17,0.081
CPU,Xeon Gold,165,24,128,CNN,32,1.2313091433735335,0.5593632991025724,0.115,0.055
CPU,Ryzen 9,105,16,64,CNN,128,1.502195468387571,0.6510940137656006,0.107,0.051
GPU,V100,300,5120,32,Transformer,64,8.891162459729248,0.5783897615529007,1.519,0.721
GPU,RTX 3090,350,10496,24,CNN,128,2.665384044148446,0.634909283744441,0.612,0.291
CPU,Xeon Gold,165,24,128,CNN,64,3.395421952501276,0.490560719228618,0.255,0.121
GPU,A100,400,6912,80,Transformer,32,3.7073441283344657,0.9186003371518855,1.334,0.633
GPU,RTX 3090,350,10496,24,CNN,128,1.1164763475353248,0.5396534776638896,0.211,0.1
GPU,RTX 3090,350,10496,24,CNN,16,3.205984696585942,0.42028782104499307,0.432,0.205
GPU,RTX 4090,450,16384,24,Transformer,128,4.404851626523197,0.4181779030953016,0.821,0.39
GPU,RTX 4090,450,16384,24,CNN,128,5.149801222636849,0.9421077497608303,2.216,1.053
GPU,V100,300,5120,32,LLM,64,7.735386345622817,0.5307006491958198,1.223,0.581
GPU,RTX 4090,450,16384,24,Transformer,128,4.288832203223254,0.8490375302706612,1.753,0.833
GPU,RTX 3090,350,10496,24,CNN,16,3.5474106172314905,0.5025851807199199,0.611,0.29
GPU,V100,300,5120,32,LLM,128,7.255920558161169,0.8452255753768434,1.919,0.911
GPU,V100,300,5120,32,CNN,32,7.063908511973427,0.6127044404652956,1.33,0.632
GPU,RTX 3090,350,10496,24,CNN,32,2.48618039700828,0.6977963856051612,0.635,0.302
GPU,A100,400,6912,80,LLM,16,6.7698484373247005,0.8494722101106686,2.104,0.999
GPU,RTX 3090,350,10496,24,Transformer,64,9.023549700556604,0.8952299314398318,2.844,1.351
GPU,RTX 3090,350,10496,24,CNN,64,3.8174909588202786,0.7992756233786316,1.053,0.5
GPU,RTX 3090,350,10496,24,LLM,128,9.388532445099,0.831937358112669,2.879,1.368
GPU,V100,300,5120,32,Transformer,64,0.5873719903579817,0.45580934857631766,0.08,0.038
GPU,A100,400,6912,80,CNN,16,2.630558439875318,0.7916985717411447,0.752,0.357
CPU,Ryzen 9,105,16,64,CNN,128,2.1988157376026236,0.601557831520573,0.142,0.067
GPU,RTX 3090,350,10496,24,LLM,32,3.9933001290646186,0.545861302224949,0.799,0.379
CPU,Ryzen 9,105,16,64,Transformer,128,9.799482153612585,0.6677081841277003,0.729,0.346
CPU,Ryzen 9,105,16,64,CNN,16,5.980586903950411,0.6708847316003752,0.433,0.205
GPU,V100,300,5120,32,CNN,128,5.242337108905147,0.7146023095650507,1.064,0.505
GPU,V100,300,5120,32,Transformer,64,9.562321481524581,0.9031754146212466,2.653,1.26
GPU,V100,300,5120,32,CNN,32,9.554182546727555,0.5819126675687826,1.63,0.774
CPU,Xeon Gold,165,24,128,LLM,32,3.0505111404564897,0.6669039308519736,0.349,0.166
GPU,RTX 3090,350,10496,24,Transformer,128,9.39347035452742,0.7828163881712351,2.426,1.152
GPU,A100,400,6912,80,Transformer,16,8.835044183315576,0.8074227397648124,3.052,1.45
GPU,RTX 3090,350,10496,24,LLM,32,7.234654470646126,0.7040509872993492,1.829,0.869
GPU,RTX 3090,350,10496,24,CNN,128,1.2751447138022833,0.40285167452569276,0.184,0.088
CPU,Xeon Gold,165,24,128,CNN,32,1.1739387114993127,0.6182311049676386,0.118,0.056
GPU,V100,300,5120,32,Transformer,32,1.3928284284882555,0.7180540775478956,0.311,0.148
GPU,A100,400,6912,80,CNN,32,1.9728953589135698,0.940012488570792,0.726,0.345
GPU,V100,300,5120,32,Transformer,128,8.314705326266754,0.5981048527761946,1.498,0.712
CPU,Xeon Gold,165,24,128,CNN,128,8.364755535982091,0.549348603700858,0.731,0.347
CPU,Xeon Gold,165,24,128,Transformer,128,5.6360336552960115,0.7505864458240136,0.706,0.335
CPU,Xeon Gold,165,24,128,Transformer,16,5.404853308861355,0.5776260601176852,0.481,0.229
GPU,RTX 4090,450,16384,24,LLM,32,2.8831750097932813,0.5013835208822536,0.586,0.278
GPU,RTX 3090,350,10496,24,CNN,64,1.0528391573302143,0.9033675501945642,0.338,0.161
GPU,RTX 3090,350,10496,24,CNN,64,3.159372020986457,0.9251759043647567,0.941,0.447
CPU,Xeon Gold,165,24,128,Transformer,32,7.435373507337276,0.42624387023040683,0.556,0.264
GPU,RTX 3090,350,10496,24,CNN,16,1.6026900848157042,0.42530145311196405,0.23,0.109
CPU,Ryzen 9,105,16,64,Transformer,128,9.805350021904331,0.49643164843913623,0.511,0.243
GPU,V100,300,5120,32,CNN,32,4.914401222926308,0.7573755254535198,1.065,0.506
GPU,RTX 4090,450,16384,24,Transformer,64,6.533389683242616,0.4249172053746245,1.448,0.688
CPU,Xeon Gold,165,24,128,LLM,128,9.47039017268909,0.8769594134552521,1.376,0.654
GPU,A100,400,6912,80,Transformer,16,5.9469868958833665,0.4706751942786506,1.158,0.55
GPU,A100,400,6912,80,CNN,128,9.631310356327186,0.8979428530758351,3.472,1.649
CPU,Xeon Gold,165,24,128,CNN,16,2.538596637229554,0.6074924957753867,0.258,0.123
GPU,RTX 3090,350,10496,24,Transformer,32,3.530268487790732,0.8646814210331999,1.035,0.492
CPU,Ryzen 9,105,16,64,Transformer,32,2.9765980182410794,0.6728205998613734,0.22,0.105
CPU,Xeon Gold,165,24,128,CNN,32,8.133068838656062,0.5551190149142186,0.799,0.38
CPU,Xeon Gold,165,24,128,CNN,64,5.900942695624604,0.7167585163919465,0.635,0.302
CPU,Ryzen 9,105,16,64,CNN,64,2.7666701680082317,0.7739146289451352,0.211,0.1
GPU,RTX 3090,350,10496,24,LLM,32,1.4796767539413598,0.8964040986737616,0.407,0.193
CPU,Xeon Gold,165,24,128,LLM,16,1.4498564280377022,0.4294169132110529,0.102,0.049
GPU,RTX 3090,350,10496,24,LLM,32,1.3672234294682688,0.5756225006747282,0.273,0.13
GPU,RTX 4090,450,16384,24,LLM,128,1.2912019063549667,0.4504372809921646,0.288,0.137
GPU,RTX 3090,350,10496,24,LLM,128,2.520915002730175,0.9204069985849296,0.784,0.372
GPU,RTX 4090,450,16384,24,CNN,64,7.5018377895145845,0.7002536735907439,2.363,1.122
GPU,RTX 4090,450,16384,24,LLM,128,1.8584209795019406,0.8188308474446098,0.687,0.326
CPU,Ryzen 9,105,16,64,CNN,64,2.61447596692479,0.6181583810748386,0.17,0.081
GPU,RTX 4090,450,16384,24,Transformer,64,1.2728134160980478,0.4466607427468556,0.269,0.128
CPU,Ryzen 9,105,16,64,CNN,128,9.498861485146657,0.942300585102579,0.951,0.452
GPU,V100,300,5120,32,Transformer,128,7.227721358040398,0.6649168433802635,1.295,0.615
GPU,RTX 4090,450,16384,24,LLM,16,1.5563760819084378,0.6709438073599725,0.507,0.241
GPU,RTX 4090,450,16384,24,Transformer,16,1.034881118977455,0.46534985394743955,0.223,0.106
GPU,A100,400,6912,80,CNN,128,2.7563114772784645,0.6201225910796136,0.709,0.337
GPU,RTX 3090,350,10496,24,CNN,32,8.751691717799872,0.5229777111856989,1.45,0.689
CPU,Ryzen 9,105,16,64,CNN,64,9.933165563133354,0.4405881106044694,0.473,0.225
GPU,A100,400,6912,80,CNN,32,5.469429519616414,0.7461692509743943,1.559,0.741
GPU,RTX 3090,350,10496,24,LLM,128,3.169150301126188,0.9227263162421072,1.102,0.523
CPU,Ryzen 9,105,16,64,CNN,32,3.1351212383207603,0.5034666378480688,0.155,0.073
GPU,V100,300,5120,32,CNN,32,9.756750672828582,0.9424159094637815,2.681,1.274
GPU,RTX 3090,350,10496,24,CNN,128,3.4405123547201137,0.8475872608388217,0.988,0.469
GPU,A100,400,6912,80,CNN,16,9.435052357786143,0.6291514817561635,2.327,1.105
GPU,RTX 3090,350,10496,24,Transformer,64,1.2861099903354083,0.8821638172591859,0.421,0.2
GPU,RTX 3090,350,10496,24,LLM,32,6.144241795845284,0.6094899711470618,1.28,0.608
GPU,A100,400,6912,80,LLM,16,5.906273957074602,0.4349315062745008,0.946,0.449
CPU,Ryzen 9,105,16,64,CNN,64,5.576289612779899,0.8124509122084844,0.461,0.219
CPU,Xeon Gold,165,24,128,LLM,32,7.805380444214849,0.9196211514353354,1.104,0.525
GPU,RTX 3090,350,10496,24,Transformer,128,2.8887031753620853,0.5511024883642498,0.539,0.256
CPU,Ryzen 9,105,16,64,CNN,128,6.881156501855639,0.7399705322518426,0.442,0.21
GPU,A100,400,6912,80,LLM,128,3.4238837778249698,0.8490121543671842,1.147,0.545
CPU,Xeon Gold,165,24,128,Transformer,128,8.828209225254279,0.6219155764168184,0.788,0.374
CPU,Xeon Gold,165,24,128,CNN,64,6.573932891255303,0.842774567135649,0.884,0.42
CPU,Ryzen 9,105,16,64,Transformer,32,3.8305818086626715,0.7244547277700482,0.279,0.132
GPU,RTX 4090,450,16384,24,CNN,128,5.382900147018202,0.8310091570076287,2.025,0.962
CPU,Ryzen 9,105,16,64,LLM,16,5.474221622142606,0.7837030293214049,0.412,0.196
CPU,Xeon Gold,165,24,128,Transformer,32,6.397654002009867,0.5910773745239778,0.622,0.296
GPU,A100,400,6912,80,LLM,16,2.7813833783928343,0.4417248304597652,0.549,0.261
GPU,A100,400,6912,80,Transformer,128,7.127841950120851,0.4990369997921142,1.344,0.639
GPU,RTX 3090,350,10496,24,LLM,128,8.806017246116962,0.683379830175316,2.059,0.978
GPU,A100,400,6912,80,CNN,16,2.104883099185563,0.5532246864675773,0.455,0.216
CPU,Ryzen 9,105,16,64,CNN,128,5.7127954374703815,0.6939329270528876,0.405,0.192
CPU,Ryzen 9,105,16,64,Transformer,16,7.058750871978971,0.42162167691260444,0.294,0.14
GPU,RTX 3090,350,10496,24,Transformer,64,1.2767108035142831,0.8804682432587274,0.397,0.189
CPU,Ryzen 9,105,16,64,Transformer,128,6.373420329537812,0.6029025017633748,0.404,0.192
GPU,RTX 4090,450,16384,24,CNN,64,1.0922429438567938,0.4812565005484247,0.243,0.116
CPU,Ryzen 9,105,16,64,LLM,32,5.5550781100204984,0.45894460623687683,0.272,0.129
CPU,Ryzen 9,105,16,64,LLM,64,4.273056408788784,0.4576780415928645,0.203,0.097
GPU,RTX 3090,350,10496,24,CNN,128,2.508756066467174,0.580123543697853,0.508,0.241
GPU,RTX 3090,350,10496,24,CNN,32,3.7578052106434723,0.6606834677868059,0.869,0.413
GPU,V100,300,5120,32,LLM,128,7.499813516251672,0.7067582462727406,1.708,0.811
GPU,RTX 3090,350,10496,24,LLM,128,4.098339946537249,0.5855957586295549,0.879,0.417
GPU,A100,400,6912,80,CNN,16,3.638310572168683,0.9135305030679309,1.456,0.692
CPU,Ryzen 9,105,16,64,CNN,128,1.9521618222511543,0.5352767506114795,0.114,0.054
CPU,Ryzen 9,105,16,64,Transformer,64,2.9500768569269282,0.49398817306453624,0.154,0.073
CPU,Ryzen 9,105,16,64,CNN,32,7.325344072947259,0.6942702026247007,0.559,0.265
CPU,Ryzen 9,105,16,64,Transformer,16,3.574952745840315,0.6339900412390292,0.229,0.109
GPU,V100,300,5120,32,CNN,32,5.533480220220609,0.7889765526044444,1.352,0.642
GPU,A100,400,6912,80,LLM,16,5.070830967620766,0.6929241879033723,1.289,0.612
CPU,Ryzen 9,105,16,64,Transformer,32,4.815545736081447,0.7017317148659843,0.344,0.163
CPU,Xeon Gold,165,24,128,CNN,128,7.722164668952022,0.7276013073343144,0.962,0.457
CPU,Ryzen 9,105,16,64,LLM,16,8.045749774681394,0.45868458756238983,0.395,0.187
GPU,RTX 3090,350,10496,24,Transformer,128,2.2217141285737716,0.43657294705172767,0.329,0.156
CPU,Ryzen 9,105,16,64,CNN,32,1.8278375779497502,0.8373970215229396,0.165,0.078
CPU,Xeon Gold,165,24,128,CNN,32,2.739071587617498,0.7485672100460974,0.346,0.165
GPU,V100,300,5120,32,CNN,128,8.83340513772453,0.6158448090824494,1.777,0.844
GPU,A100,400,6912,80,CNN,64,3.36308980455935,0.8111851590969381,1.069,0.508
GPU,RTX 3090,350,10496,24,CNN,32,3.8759432922747608,0.615315160610826,0.872,0.414
GPU,A100,400,6912,80,LLM,64,1.6105313867294586,0.9169076679874113,0.594,0.282
GPU,A100,400,6912,80,Transformer,16,1.823084690302179,0.8367138540986627,0.662,0.315
GPU,A100,400,6912,80,CNN,16,1.940911357461136,0.5714471372875516,0.443,0.21
GPU,A100,400,6912,80,LLM,32,1.8597158627104613,0.5124995262432048,0.39,0.185
GPU,RTX 3090,350,10496,24,Transformer,128,8.301944394384122,0.460847455325364,1.361,0.647
CPU,Xeon Gold,165,24,128,LLM,64,8.074305974905759,0.4824545850418256,0.688,0.327
GPU,A100,400,6912,80,LLM,32,6.185205661449657,0.7110295910276356,1.717,0.816
GPU,A100,400,6912,80,LLM,32,3.784111938287235,0.49987874424078416,0.712,0.338
GPU,RTX 4090,450,16384,24,Transformer,128,6.342027499950217,0.9015188248636306,2.485,1.181
CPU,Ryzen 9,105,16,64,Transformer,128,6.3088152366291546,0.4099606011014623,0.26,0.123
GPU,V100,300,5120,32,CNN,32,9.26374412118431,0.7889812488723692,2.215,1.052
GPU,RTX 3090,350,10496,24,LLM,16,6.263792940637131,0.6332718692163123,1.345,0.639
GPU,V100,300,5120,32,Transformer,32,8.456162495523674,0.5826805269602164,1.442,0.685
GPU,A100,400,6912,80,LLM,16,4.290525686766237,0.4301189013521173,0.761,0.361
GPU,RTX 4090,450,16384,24,CNN,32,1.5855393505290336,0.6279775213119952,0.434,0.206
GPU,A100,400,6912,80,Transformer,32,3.790286946476632,0.5908242610429253,0.903,0.429
GPU,A100,400,6912,80,LLM,64,1.8381416936080988,0.4970128425784228,0.38,0.18
GPU,V100,300,5120,32,Transformer,16,0.8218520223426524,0.5713102441230166,0.154,0.073
GPU,V100,300,5120,32,Transformer,128,6.803605034158751,0.49791978177836327,1.074,0.51
GPU,RTX 3090,350,10496,24,CNN,64,5.794401004455455,0.8733476098399036,1.771,0.841
GPU,RTX 3090,350,10496,24,CNN,128,4.27452209684718,0.6347338979352122,0.957,0.455
GPU,A100,400,6912,80,Transformer,16,2.448826584579068,0.5048782463650167,0.521,0.248
GPU,A100,400,6912,80,Transformer,32,3.2934244525992296,0.7927325598844055,1.024,0.486
GPU,RTX 4090,450,16384,24,Transformer,32,4.687246095913167,0.6204196834814293,1.285,0.611
CPU,Xeon Gold,165,24,128,LLM,32,9.48809689026951,0.6053201239538641,0.959,0.455
GPU,A100,400,6912,80,Transformer,64,5.502495433263291,0.8404123743173666,1.895,0.9
CPU,Xeon Gold,165,24,128,CNN,64,5.741364654963728,0.5396387102238174,0.491,0.233
GPU,A100,400,6912,80,LLM,64,0.6872501086664595,0.4572597200915156,0.132,0.063
GPU,V100,300,5120,32,LLM,128,7.347724414949813,0.8429232320468478,1.874,0.89
CPU,Ryzen 9,105,16,64,Transformer,16,8.38708871338642,0.6184509412901502,0.537,0.255
GPU,RTX 4090,450,16384,24,LLM,16,6.515787361654125,0.8047475372578012,2.235,1.062
GPU,A100,400,6912,80,CNN,32,8.826218720815291,0.7536090599878393,2.495,1.185
GPU,RTX 4090,450,16384,24,LLM,16,6.107801953890673,0.5474350024525819,1.443,0.686
CPU,Xeon Gold,165,24,128,Transformer,16,7.8514279704127325,0.59951684206627,0.785,0.373
CPU,Ryzen 9,105,16,64,CNN,32,8.750445771030172,0.6680871590372325,0.611,0.29
GPU,RTX 3090,350,10496,24,Transformer,128,0.7134584290411152,0.5477725476617203,0.131,0.062
GPU,RTX 3090,350,10496,24,Transformer,32,6.62801459380863,0.631937164004305,1.585,0.753
GPU,RTX 4090,450,16384,24,CNN,64,2.1309532155588835,0.549769029585653,0.53,0.252
GPU,RTX 4090,450,16384,24,CNN,16,3.103524596528457,0.7047979013836864,1.049,0.498
CPU,Ryzen 9,105,16,64,Transformer,32,7.34192452550681,0.45861830157077094,0.358,0.17
GPU,V100,300,5120,32,CNN,16,6.817848408189427,0.4964542032428973,1.065,0.506
GPU,RTX 3090,350,10496,24,Transformer,32,4.3416242647157315,0.8240012573853488,1.23,0.584
GPU,V100,300,5120,32,LLM,128,2.830816541972549,0.6141125877230871,0.527,0.25
GPU,A100,400,6912,80,CNN,32,7.354562180658103,0.7357225668543766,2.39,1.135
CPU,Ryzen 9,105,16,64,Transformer,128,7.459434923497378,0.5182172082249162,0.4,0.19
GPU,V100,300,5120,32,LLM,32,6.153240341652421,0.4282841974163377,0.772,0.367
GPU,RTX 3090,350,10496,24,CNN,16,3.839631530775079,0.6270364528337138,0.939,0.446
GPU,A100,400,6912,80,Transformer,32,4.866974371230746,0.44176337570329216,0.887,0.421
CPU,Ryzen 9,105,16,64,Transformer,128,6.107191335256328,0.5985356433170147,0.402,0.191
GPU,A100,400,6912,80,LLM,16,9.639938464759117,0.8345074573355209,3.006,1.428
CPU,Ryzen 9,105,16,64,LLM,64,7.456136420890831,0.8436086313237974,0.653,0.31
CPU,Xeon Gold,165,24,128,Transformer,32,6.553700008000125,0.9393172400989934,0.938,0.446
GPU,RTX 4090,450,16384,24,CNN,32,9.468563727022826,0.42168474625267827,1.792,0.851
GPU,RTX 3090,350,10496,24,LLM,64,5.780162523653207,0.6602655649447333,1.366,0.649
GPU,RTX 4090,450,16384,24,LLM,32,9.470531646577623,0.6608178191616051,2.786,1.323
GPU,V100,300,5120,32,LLM,64,4.823865007843483,0.6873390168391429,0.999,0.475
GPU,A100,400,6912,80,CNN,128,1.231055415477487,0.7829588267329768,0.377,0.179
GPU,RTX 4090,450,16384,24,LLM,128,4.342611771977582,0.7148352676884061,1.498,0.712
GPU,RTX 3090,350,10496,24,CNN,32,6.445968076151586,0.8872877615299029,2.021,0.96
GPU,V100,300,5120,32,Transformer,32,4.4663077982649755,0.6540685678165732,0.908,0.431
GPU,A100,400,6912,80,LLM,32,9.980374050066706,0.5928914984984406,2.372,1.127
GPU,RTX 3090,350,10496,24,CNN,128,0.8571693454594782,0.6638797297710777,0.195,0.092
GPU,V100,300,5120,32,CNN,16,7.456582168254129,0.4018404991236386,0.964,0.458
CPU,Ryzen 9,105,16,64,Transformer,16,8.601807306073063,0.793554323378833,0.715,0.34
GPU,RTX 3090,350,10496,24,CNN,32,6.956649185584164,0.5200396383257853,1.281,0.608
CPU,Xeon Gold,165,24,128,CNN,64,2.9603351902172297,0.723704825935285,0.394,0.187
GPU,RTX 3090,350,10496,24,LLM,128,9.916101948301277,0.5274194357608939,1.77,0.841
CPU,Xeon Gold,165,24,128,LLM,32,2.6904073601476806,0.8568533847628435,0.368,0.175
GPU,RTX 4090,450,16384,24,CNN,32,2.2711634903704176,0.8287714604617142,0.825,0.392
CPU,Xeon Gold,165,24,128,CNN,16,6.482890268463454,0.5189782126701045,0.545,0.259
GPU,RTX 4090,450,16384,24,Transformer,128,7.112195871511026,0.4846427484869203,1.46,0.694
GPU,A100,400,6912,80,Transformer,16,6.417905137883627,0.8113293822507257,2.244,1.066
GPU,RTX 4090,450,16384,24,LLM,128,8.835878194988613,0.5460800234237884,2.366,1.124
CPU,Xeon Gold,165,24,128,CNN,32,0.9215783035657493,0.8687064433408542,0.136,0.064
CPU,Xeon Gold,165,24,128,LLM,64,1.3263742191583963,0.6246492671888842,0.144,0.068
CPU,Ryzen 9,105,16,64,LLM,32,7.372491080041557,0.6727316542933239,0.544,0.259
GPU,A100,400,6912,80,Transformer,16,5.6658996259752925,0.8754710841690416,1.988,0.944
CPU,Ryzen 9,105,16,64,LLM,64,8.747527638489696,0.534907042740434,0.501,0.238
GPU,A100,400,6912,80,CNN,64,7.125978885858195,0.7740774244681652,2.285,1.086
GPU,A100,400,6912,80,Transformer,16,2.297604627957556,0.8849004230236925,0.806,0.383
GPU,A100,400,6912,80,CNN,128,7.563328434770273,0.48841794282656953,1.488,0.707
GPU,RTX 4090,450,16384,24,Transformer,32,7.6880401359568795,0.5422785818838494,1.953,0.928
GPU,RTX 3090,350,10496,24,CNN,128,6.50222850665835,0.5428919695852878,1.143,0.543
CPU,Xeon Gold,165,24,128,LLM,64,1.720262821885318,0.5558386215460699,0.162,0.077
GPU,V100,300,5120,32,LLM,128,9.354267002345166,0.4563803503948736,1.284,0.61
GPU,V100,300,5120,32,Transformer,128,9.499329938435212,0.49150767281274976,1.41,0.67
GPU,RTX 3090,350,10496,24,Transformer,32,6.398697418791032,0.4251581185968821,0.919,0.436
CPU,Ryzen 9,105,16,64,LLM,64,9.70433962521407,0.8123085074586085,0.757,0.36
CPU,Xeon Gold,165,24,128,LLM,128,8.304373000370688,0.6045084410812985,0.886,0.421
GPU,A100,400,6912,80,LLM,32,6.9913060777617995,0.6452464885072116,1.866,0.886
GPU,A100,400,6912,80,CNN,16,8.614992857384877,0.6898632529165241,2.372,1.126
CPU,Xeon Gold,165,24,128,LLM,32,2.5973113214932235,0.4453095750887135,0.186,0.088
GPU,A100,400,6912,80,CNN,16,9.650748207681254,0.41721627256113397,1.582,0.751
CPU,Xeon Gold,165,24,128,LLM,32,4.487409510798162,0.751189271215247,0.547,0.26
GPU,A100,400,6912,80,CNN,32,3.547056034162211,0.7984324699377643,1.221,0.58
CPU,Xeon Gold,165,24,128,LLM,128,0.7957737874028579,0.7584167539567368,0.094,0.045
GPU,A100,400,6912,80,Transformer,128,2.435161868124605,0.45014046972340543,0.495,0.235
GPU,A100,400,6912,80,Transformer,16,5.538366740418433,0.40982404086307567,0.917,0.435
CPU,Ryzen 9,105,16,64,LLM,16,5.074462339369226,0.46451950392931696,0.256,0.122
CPU,Ryzen 9,105,16,64,CNN,64,2.4049849036531987,0.6703770007077903,0.158,0.075
GPU,RTX 4090,450,16384,24,LLM,16,9.851338370327587,0.48226935346716115,2.261,1.074
GPU,RTX 4090,450,16384,24,Transformer,64,4.228688785863506,0.6639663590944179,1.32,0.627
GPU,RTX 3090,350,10496,24,CNN,64,9.550162061367812,0.899300259141552,3.198,1.519
CPU,Ryzen 9,105,16,64,LLM,16,1.4968366949726613,0.5331247587243901,0.082,0.039
CPU,Ryzen 9,105,16,64,Transformer,128,2.498321009229252,0.5903091122046618,0.155,0.074
GPU,RTX 4090,450,16384,24,CNN,16,5.418260612154759,0.44832657452965835,1.017,0.483
CPU,Ryzen 9,105,16,64,LLM,64,2.4081613536917947,0.7812566674524745,0.187,0.089
GPU,RTX 4090,450,16384,24,Transformer,64,2.0910845314611626,0.45751231218392013,0.467,0.222
GPU,RTX 3090,350,10496,24,Transformer,128,9.384417245344867,0.9210427544470713,3.234,1.536
CPU,Ryzen 9,105,16,64,Transformer,64,6.316450865871001,0.6664191461657223,0.445,0.211
GPU,RTX 4090,450,16384,24,Transformer,16,4.797023702923851,0.7539677323580887,1.705,0.81
GPU,V100,300,5120,32,Transformer,128,4.666768556650615,0.7986546079307321,1.082,0.514
CPU,Xeon Gold,165,24,128,LLM,128,2.582532879901421,0.9367258907005221,0.389,0.185
CPU,Xeon Gold,165,24,128,CNN,64,8.002135817853553,0.7622892765254818,0.941,0.447
GPU,RTX 3090,350,10496,24,LLM,64,6.678094020295901,0.5097483480110299,1.263,0.6
CPU,Xeon Gold,165,24,128,CNN,64,4.474797992342701,0.5119680541882334,0.399,0.189
GPU,RTX 4090,450,16384,24,CNN,128,8.53933027418097,0.7458206500132698,2.85,1.354
GPU,V100,300,5120,32,Transformer,16,9.882670855492549,0.4220600552768654,1.414,0.671
GPU,RTX 4090,450,16384,24,CNN,64,4.2573941135656455,0.7334037924586443,1.434,0.681
GPU,RTX 4090,450,16384,24,Transformer,32,6.7225887189050315,0.9456733239873698,3.072,1.459
GPU,RTX 3090,350,10496,24,LLM,32,7.87200196683658,0.6229206006971588,1.835,0.871
GPU,RTX 4090,450,16384,24,Transformer,16,9.728253393395576,0.4995373239902194,2.175,1.033
CPU,Ryzen 9,105,16,64,CNN,16,4.730399922525322,0.6831495446613296,0.327,0.155
GPU,V100,300,5120,32,Transformer,16,1.4049843255689498,0.7586677850417408,0.299,0.142
GPU,V100,300,5120,32,CNN,32,2.751764642529194,0.5290707210438531,0.462,0.22
GPU,A100,400,6912,80,Transformer,32,2.1127000983316373,0.6858756717058097,0.554,0.263
CPU,Xeon Gold,165,24,128,LLM,32,9.511541871088621,0.5388902801414805,0.864,0.41
GPU,V100,300,5120,32,CNN,128,6.252612497626387,0.596202629172001,1.186,0.563
GPU,V100,300,5120,32,LLM,16,8.748577164875957,0.5132126655202225,1.341,0.637
GPU,V100,300,5120,32,Transformer,16,9.873583313393034,0.4676339446912947,1.376,0.654
CPU,Xeon Gold,165,24,128,LLM,32,3.50348299727913,0.6789791447786158,0.372,0.177
GPU,V100,300,5120,32,Transformer,64,4.27510039041181,0.6639433948756402,0.891,0.423
GPU,A100,400,6912,80,Transformer,64,3.7552081371486956,0.6927347438544644,1.059,0.503
CPU,Ryzen 9,105,16,64,CNN,128,1.8636524393742322,0.9169008855597629,0.182,0.086
CPU,Ryzen 9,105,16,64,CNN,16,9.651794911793791,0.5404185886006375,0.53,0.252
GPU,RTX 4090,450,16384,24,LLM,16,6.990856268751635,0.673446120204635,2.138,1.016
GPU,RTX 3090,350,10496,24,LLM,16,9.344012607316289,0.7792397130673586,2.57,1.221
GPU,RTX 3090,350,10496,24,LLM,128,9.438315885211615,0.8547613860415326,2.715,1.289
GPU,V100,300,5120,32,Transformer,16,9.994430394821332,0.4265166213733058,1.298,0.616
GPU,RTX 3090,350,10496,24,CNN,16,9.93670090490697,0.8138352694385649,3.059,1.453
GPU,V100,300,5120,32,Transformer,32,4.339333055684813,0.5798682388597813,0.772,0.367
GPU,A100,400,6912,80,Transformer,64,9.063068671090221,0.8828401374727302,3.407,1.618
CPU,Ryzen 9,105,16,64,Transformer,16,6.6662092585467345,0.5806096753367946,0.401,0.191
GPU,V100,300,5120,32,Transformer,128,4.263640570287926,0.7825069636794242,1.112,0.528
GPU,RTX 3090,350,10496,24,LLM,64,2.659061458999939,0.440257758072644,0.433,0.205
CPU,Ryzen 9,105,16,64,Transformer,64,6.385158287091338,0.6549217240903148,0.453,0.215
GPU,RTX 4090,450,16384,24,Transformer,16,9.185246901538964,0.8475714585757725,3.514,1.669
GPU,V100,300,5120,32,CNN,128,4.288816418520555,0.7190948030750328,0.813,0.386
CPU,Ryzen 9,105,16,64,Transformer,16,7.322169224151697,0.9255380327752141,0.693,0.329
CPU,Xeon Gold,165,24,128,LLM,16,4.593189869611317,0.8931928594120673,0.668,0.317
GPU,A100,400,6912,80,LLM,32,1.0725402077508281,0.9139398147430329,0.4,0.19
GPU,A100,400,6912,80,Transformer,16,2.0801502735598505,0.7395434665771359,0.585,0.278
GPU,V100,300,5120,32,LLM,32,6.018854505996578,0.4492944865352182,0.767,0.364
GPU,RTX 4090,450,16384,24,Transformer,16,3.0899280069685706,0.6274520058389433,0.826,0.392
GPU,V100,300,5120,32,Transformer,64,8.097920406528207,0.5015218212453681,1.222,0.581
GPU,RTX 3090,350,10496,24,Transformer,128,2.259670242200392,0.9047638690442574,0.766,0.364
GPU,RTX 3090,350,10496,24,CNN,64,6.514938068143213,0.9232718382136613,2.097,0.996
CPU,Ryzen 9,105,16,64,Transformer,32,5.39416411817045,0.7264462130177309,0.422,0.2
GPU,RTX 4090,450,16384,24,CNN,128,8.478682377233843,0.8950127178689061,3.193,1.517
GPU,RTX 3090,350,10496,24,Transformer,128,2.928627479188087,0.5661332760091373,0.572,0.272
GPU,RTX 4090,450,16384,24,CNN,16,1.4075854814293476,0.7431226285721151,0.5,0.238
GPU,RTX 4090,450,16384,24,CNN,32,2.0961349735762025,0.8052805597193001,0.853,0.405
CPU,Ryzen 9,105,16,64,CNN,128,6.598729254211027,0.7339017198488293,0.46,0.219
GPU,A100,400,6912,80,Transformer,16,2.9403965526342906,0.7476085173112301,0.893,0.424
GPU,A100,400,6912,80,LLM,32,7.103873263452141,0.6223753224573607,1.768,0.84
CPU,Xeon Gold,165,24,128,LLM,128,7.382910088286872,0.40870160047107035,0.512,0.243
CPU,Xeon Gold,165,24,128,Transformer,128,3.0165067487489674,0.7549094106391443,0.406,0.193
GPU,A100,400,6912,80,CNN,16,3.5720298400974473,0.5246610212248434,0.711,0.338
GPU,V100,300,5120,32,Transformer,128,6.861224853272638,0.4384623831401888,0.996,0.473
CPU,Xeon Gold,165,24,128,Transformer,128,6.131713920707515,0.7740725621068982,0.737,0.35
CPU,Ryzen 9,105,16,64,Transformer,16,9.944323931601092,0.7640115544171582,0.749,0.356
GPU,A100,400,6912,80,Transformer,32,4.7403473363776,0.5834632522097103,1.137,0.54
CPU,Xeon Gold,165,24,128,CNN,128,7.055046462796325,0.5105135287624811,0.597,0.283
GPU,RTX 4090,450,16384,24,Transformer,128,4.515546577263801,0.8519935441455977,1.845,0.876
GPU,V100,300,5120,32,LLM,128,9.3081892850548,0.5290531450204995,1.388,0.659
GPU,A100,400,6912,80,Transformer,128,9.928593270504564,0.9098505323583623,3.753,1.783
GPU,V100,300,5120,32,Transformer,128,2.941949031104759,0.8333460935607457,0.693,0.329
GPU,RTX 3090,350,10496,24,CNN,32,8.34764248739902,0.8301154482187122,2.343,1.113
GPU,RTX 3090,350,10496,24,CNN,16,3.790056801595534,0.5314804327084961,0.664,0.315
GPU,A100,400,6912,80,LLM,128,4.271324412205693,0.6459613972776597,1.124,0.534
GPU,V100,300,5120,32,CNN,16,4.214906249052657,0.6756341495501053,0.914,0.434
GPU,RTX 4090,450,16384,24,Transformer,128,8.26577223066632,0.6093428114121191,2.468,1.172
GPU,A100,400,6912,80,LLM,16,3.3944518214313875,0.4445056056781887,0.611,0.29
GPU,A100,400,6912,80,Transformer,32,1.9610159218462955,0.5229879389729712,0.411,0.195
GPU,RTX 3090,350,10496,24,Transformer,128,1.75898439104756,0.8741079652499424,0.543,0.258
CPU,Ryzen 9,105,16,64,CNN,16,6.259402908634286,0.8206453904966475,0.547,0.26
CPU,Ryzen 9,105,16,64,CNN,16,6.829915415432877,0.46696905111890114,0.333,0.158
GPU,RTX 4090,450,16384,24,CNN,128,2.709237904471111,0.44398096689761607,0.539,0.256
CPU,Xeon Gold,165,24,128,LLM,128,5.3083476969823185,0.6417314287481006,0.576,0.273
CPU,Ryzen 9,105,16,64,CNN,64,0.6680341913259435,0.7314042401135756,0.051,0.024
GPU,RTX 4090,450,16384,24,Transformer,128,9.951230013112788,0.4317793085480017,2.078,0.987
GPU,RTX 3090,350,10496,24,LLM,16,2.7722109900512932,0.4782371527779579,0.448,0.213
GPU,V100,300,5120,32,CNN,16,5.339510217423002,0.9481832696191372,1.584,0.752
CPU,Xeon Gold,165,24,128,LLM,128,2.5976249829635716,0.495563927614262,0.185,0.088
CPU,Xeon Gold,165,24,128,LLM,64,4.772954163802564,0.5070423815014208,0.418,0.199
GPU,A100,400,6912,80,Transformer,32,8.361610007885306,0.8034879093087711,2.656,1.262
CPU,Ryzen 9,105,16,64,LLM,128,6.030408182909737,0.7745361549810345,0.465,0.221
CPU,Xeon Gold,165,24,128,CNN,16,3.5732537516590006,0.8588668512751221,0.506,0.24
GPU,A100,400,6912,80,CNN,128,5.705615145250083,0.6499075340079785,1.526,0.725
CPU,Xeon Gold,165,24,128,Transformer,128,1.708397745530771,0.8755632156772297,0.245,0.116
GPU,RTX 3090,350,10496,24,CNN,16,4.247524646415336,0.6526957226232926,1.053,0.5
GPU,RTX 4090,450,16384,24,CNN,128,1.764877539691921,0.456182241311646,0.383,0.182
GPU,V100,300,5120,32,CNN,128,3.1539932823798056,0.9116753866608029,0.814,0.387
GPU,V100,300,5120,32,CNN,128,8.338755861322685,0.67249865690354,1.706,0.81
GPU,RTX 3090,350,10496,24,LLM,128,5.424876208479438,0.4825929504493729,0.953,0.453
GPU,V100,300,5120,32,CNN,128,4.711094330714373,0.42630695121675805,0.61,0.29
CPU,Xeon Gold,165,24,128,LLM,16,1.1769389137699566,0.40665966137918813,0.077,0.037
GPU,V100,300,5120,32,CNN,128,4.18215469908631,0.6540708151690257,0.87,0.413
GPU,A100,400,6912,80,LLM,32,2.154038685673801,0.45411760734236856,0.378,0.18
CPU,Ryzen 9,105,16,64,Transformer,128,0.6989771297936718,0.44519441711203506,0.033,0.016
GPU,RTX 3090,350,10496,24,CNN,16,4.128426576702511,0.5131279942075553,0.751,0.357
GPU,V100,300,5120,32,Transformer,16,2.976776349239207,0.438089868457223,0.38,0.18
GPU,RTX 4090,450,16384,24,Transformer,128,8.087784820718458,0.5610521201855306,2.046,0.972
GPU,RTX 4090,450,16384,24,Transformer,128,5.117147278286629,0.9061634496706742,2.143,1.018
GPU,A100,400,6912,80,Transformer,64,3.713541306947735,0.9104460021793274,1.425,0.677
GPU,RTX 3090,350,10496,24,CNN,32,4.071932454442458,0.7025505672519858,1.03,0.489
CPU,Ryzen 9,105,16,64,CNN,16,6.921831618070376,0.6728263112739377,0.493,0.234
CPU,Xeon Gold,165,24,128,LLM,64,6.8788218814991104,0.5743073625397197,0.679,0.323
CPU,Xeon Gold,165,24,128,Transformer,64,8.498986252455584,0.8006698724388872,1.077,0.512
GPU,V100,300,5120,32,LLM,16,3.5405684089493428,0.8142530347523715,0.861,0.409
GPU,V100,300,5120,32,LLM,64,9.668732550206467,0.6686167715357167,1.931,0.917
GPU,V100,300,5120,32,CNN,16,4.427456268304984,0.8170017560920955,0.982,0.467
GPU,A100,400,6912,80,LLM,64,7.0444103694758615,0.8803276037234442,2.49,1.183
GPU,RTX 3090,350,10496,24,CNN,128,2.0206805320684436,0.6538566109308844,0.476,0.226
GPU,A100,400,6912,80,CNN,128,3.140069923864244,0.5066746269972762,0.661,0.314
GPU,RTX 4090,450,16384,24,Transformer,128,2.4383385289745387,0.7052967221162574,0.791,0.376
GPU,RTX 4090,450,16384,24,CNN,128,4.06496909220533,0.6962826170386716,1.349,0.641
CPU,Ryzen 9,105,16,64,Transformer,16,7.729412220266892,0.41942124521713153,0.354,0.168
GPU,A100,400,6912,80,LLM,16,3.403240047157041,0.8821579190055102,1.268,0.602
GPU,RTX 4090,450,16384,24,LLM,128,4.761800994068154,0.7971390160115053,1.669,0.793
CPU,Ryzen 9,105,16,64,CNN,32,0.517858893486651,0.4981049213690314,0.027,0.013
CPU,Ryzen 9,105,16,64,Transformer,128,3.8771835991928953,0.8368085322023964,0.357,0.17
CPU,Xeon Gold,165,24,128,Transformer,32,7.37234527331672,0.4572755468561581,0.549,0.261
GPU,V100,300,5120,32,Transformer,64,5.122677791315654,0.7296529311146136,1.165,0.553
GPU,RTX 3090,350,10496,24,LLM,16,1.232053651776146,0.43220301108418857,0.181,0.086
GPU,V100,300,5120,32,Transformer,128,9.82870730923838,0.5154130971710252,1.309,0.622
GPU,V100,300,5120,32,Transformer,32,3.6178311592884596,0.6387106513956313,0.721,0.342
GPU,V100,300,5120,32,CNN,64,6.183140293605518,0.8046147128315544,1.425,0.677
GPU,RTX 3090,350,10496,24,CNN,64,6.556756012467183,0.6728915112622706,1.626,0.772
GPU,A100,400,6912,80,LLM,64,4.394096452114738,0.8618912570995894,1.538,0.731
GPU,RTX 4090,450,16384,24,Transformer,32,2.0702940542166584,0.7851385776944866,0.681,0.324
CPU,Ryzen 9,105,16,64,Transformer,16,3.094172694741718,0.6849433214313485,0.218,0.104
CPU,Xeon Gold,165,24,128,CNN,16,4.886461729317631,0.6644983004141882,0.55,0.261
GPU,RTX 4090,450,16384,24,CNN,32,7.207180572808234,0.7471438552761884,2.42,1.149
GPU,RTX 3090,350,10496,24,CNN,32,0.566777436229382,0.43150413809269283,0.093,0.044
GPU,V100,300,5120,32,CNN,128,7.638063317275934,0.7613253359469268,1.661,0.789
CPU,Ryzen 9,105,16,64,Transformer,32,3.0835223982219944,0.81766904432988,0.252,0.12
GPU,RTX 3090,350,10496,24,CNN,128,3.047320690907377,0.48600999242189635,0.456,0.216
CPU,Ryzen 9,105,16,64,LLM,64,2.7494509384581614,0.8028468025109494,0.242,0.115
GPU,V100,300,5120,32,LLM,32,8.880288335679571,0.6163963156099753,1.514,0.719
GPU,RTX 3090,350,10496,24,CNN,64,9.822322359723843,0.5410915343443363,1.811,0.86
GPU,RTX 4090,450,16384,24,CNN,16,5.870637418430294,0.6551628676785849,1.678,0.797
GPU,RTX 3090,350,10496,24,LLM,128,6.995664002981904,0.6998080405433849,1.853,0.88
CPU,Xeon Gold,165,24,128,CNN,16,8.671327086819632,0.797547866764666,1.155,0.549
GPU,RTX 4090,450,16384,24,Transformer,32,2.648396990104437,0.8658053004487078,1.106,0.525
CPU,Xeon Gold,165,24,128,CNN,32,9.484132396502682,0.8674864543143641,1.468,0.697
GPU,V100,300,5120,32,LLM,32,5.368775163318151,0.8435219894780617,1.341,0.637
GPU,A100,400,6912,80,LLM,64,7.969642894148315,0.510750080174786,1.639,0.778
GPU,V100,300,5120,32,Transformer,128,7.664022963003559,0.4098701232126705,0.993,0.471
CPU,Xeon Gold,165,24,128,LLM,64,8.856027622039527,0.8788181337753038,1.29,0.613
GPU,V100,300,5120,32,Transformer,128,5.800817018435079,0.7038824881304988,1.264,0.6
CPU,Ryzen 9,105,16,64,LLM,128,9.137591955684822,0.6962859888739927,0.651,0.309
GPU,RTX 3090,350,10496,24,LLM,64,4.113990071321842,0.82658651800893,1.262,0.599
GPU,A100,400,6912,80,Transformer,16,1.3933429921255303,0.5961690357779706,0.363,0.173
GPU,RTX 3090,350,10496,24,LLM,32,2.3604877195757292,0.8933268617329438,0.778,0.37
GPU,RTX 4090,450,16384,24,Transformer,64,8.035982829163416,0.5742189223871397,2.158,1.025
GPU,A100,400,6912,80,Transformer,128,1.836759516463205,0.5111086176213695,0.37,0.176
CPU,Xeon Gold,165,24,128,LLM,32,3.4750389507641826,0.8392262998105131,0.482,0.229
GPU,RTX 3090,350,10496,24,LLM,32,5.110910340018927,0.4673386440974176,0.895,0.425
CPU,Xeon Gold,165,24,128,Transformer,64,2.0765715053099574,0.8850602670675541,0.29,0.138
CPU,Xeon Gold,165,24,128,CNN,128,1.3837896213702585,0.4161502875063158,0.097,0.046
GPU,RTX 4090,450,16384,24,Transformer,16,1.2543625541087804,0.8023230696871992,0.424,0.202
CPU,Ryzen 9,105,16,64,Transformer,16,1.552110230530102,0.8177703255630475,0.127,0.06
GPU,A100,400,6912,80,Transformer,16,8.30555052824948,0.6525958584452676,2.248,1.068
GPU,V100,300,5120,32,Transformer,128,2.1507351347895662,0.7916077111819294,0.496,0.236
GPU,RTX 4090,450,16384,24,Transformer,32,7.331235749861628,0.6310653003162487,2.013,0.956
GPU,RTX 4090,450,16384,24,LLM,32,6.685902056375904,0.7415107121131371,2.005,0.952
GPU,RTX 3090,350,10496,24,CNN,64,8.158860869536014,0.8640555295236982,2.356,1.119
GPU,RTX 4090,450,16384,24,Transformer,64,3.4917360918231926,0.402099423768391,0.642,0.305
CPU,Ryzen 9,105,16,64,CNN,64,6.725182892070753,0.9454584394423113,0.697,0.331
GPU,V100,300,5120,32,Transformer,64,5.370220154878003,0.5679208721832022,0.853,0.405
CPU,Xeon Gold,165,24,128,LLM,128,7.749975266959449,0.6245684885176981,0.828,0.393
CPU,Xeon Gold,165,24,128,LLM,64,2.9727251468770284,0.8989572668882064,0.456,0.216
GPU,A100,400,6912,80,LLM,32,2.106270168381929,0.6143676630845707,0.546,0.259
CPU,Ryzen 9,105,16,64,LLM,64,4.421230728027247,0.8412948810375953,0.388,0.184
GPU,V100,300,5120,32,CNN,32,0.8992344141283503,0.8069472664218117,0.224,0.106
GPU,V100,300,5120,32,CNN,64,9.646698392203247,0.7996690456386777,2.417,1.148
GPU,V100,300,5120,32,LLM,128,5.560420924234772,0.7492990082503452,1.271,0.604
CPU,Xeon Gold,165,24,128,CNN,128,2.7979913684589706,0.40682221995252316,0.182,0.086
GPU,V100,300,5120,32,CNN,16,8.333080676826807,0.44083248014361254,1.16,0.551
GPU,V100,300,5120,32,LLM,16,9.077502454323879,0.8687451309151497,2.264,1.075
CPU,Xeon Gold,165,24,128,Transformer,64,3.7338555118208645,0.9439655970925956,0.579,0.275
GPU,RTX 3090,350,10496,24,Transformer,32,4.5772346372653905,0.5472771715185838,0.869,0.413
GPU,RTX 4090,450,16384,24,CNN,128,5.4537340459141,0.4350025001076533,1.064,0.505
CPU,Xeon Gold,165,24,128,CNN,64,5.4897776964415215,0.41795512265011775,0.35,0.166
GPU,RTX 3090,350,10496,24,Transformer,16,8.85029955268154,0.7144747936265772,2.156,1.024
CPU,Ryzen 9,105,16,64,Transformer,32,7.851856729436486,0.7310578870583224,0.61,0.29
GPU,V100,300,5120,32,CNN,32,2.120528159792355,0.9214595760942932,0.634,0.301
GPU,V100,300,5120,32,LLM,32,5.367455886685011,0.45732364154459126,0.764,0.363
GPU,V100,300,5120,32,CNN,128,9.722278961510439,0.5444716034292585,1.705,0.81
GPU,RTX 3090,350,10496,24,LLM,32,4.366233141525507,0.8903140085929286,1.402,0.666
GPU,RTX 3090,350,10496,24,CNN,128,4.988686872561879,0.42510681002631107,0.735,0.349
GPU,RTX 3090,350,10496,24,CNN,32,4.993227787907347,0.7423858326513598,1.194,0.567
GPU,A100,400,6912,80,CNN,16,5.005739994096975,0.7249770926990728,1.429,0.679
CPU,Xeon Gold,165,24,128,CNN,64,5.934462112008358,0.681967249276029,0.643,0.305
CPU,Ryzen 9,105,16,64,Transformer,16,3.139309691426477,0.8491751964978949,0.268,0.127
GPU,A100,400,6912,80,LLM,16,5.320413417819184,0.8808223885768467,1.9,0.902
GPU,A100,400,6912,80,Transformer,32,9.931759970491168,0.4723190159438899,1.842,0.875
GPU,A100,400,6912,80,CNN,128,7.283310122435136,0.734347867749887,2.019,0.959
GPU,RTX 3090,350,10496,24,CNN,16,7.325077683277985,0.9247182201717723,2.388,1.134
GPU,RTX 4090,450,16384,24,Transformer,64,1.5876325616260987,0.6111113856747388,0.423,0.201
GPU,V100,300,5120,32,Transformer,128,1.3767055246959439,0.7279768353732026,0.299,0.142
GPU,RTX 4090,450,16384,24,LLM,64,3.87032727244185,0.9179491413904087,1.605,0.762
CPU,Xeon Gold,165,24,128,CNN,16,6.641275856183766,0.8884214853980648,0.984,0.467
GPU,V100,300,5120,32,LLM,32,7.377744026927891,0.46630712902202964,1.071,0.509
CPU,Xeon Gold,165,24,128,Transformer,32,8.375668459182165,0.9451947747034982,1.304,0.619
GPU,A100,400,6912,80,LLM,32,5.117004691077229,0.717459937704003,1.453,0.69
CPU,Xeon Gold,165,24,128,CNN,16,8.176214984112253,0.5188282507564279,0.73,0.347
GPU,V100,300,5120,32,CNN,64,7.07868185335764,0.6364620925645814,1.439,0.683
CPU,Xeon Gold,165,24,128,LLM,32,5.654076501056389,0.8739583722050623,0.872,0.414
GPU,A100,400,6912,80,LLM,64,8.646842207782196,0.904149379712664,3.088,1.467
GPU,A100,400,6912,80,Transformer,128,4.015497179405425,0.41508117048496174,0.634,0.301
GPU,V100,300,5120,32,CNN,16,6.634534845908317,0.4246281477775675,0.908,0.431
GPU,RTX 3090,350,10496,24,LLM,128,1.967367598621576,0.413996267948163,0.303,0.144
GPU,A100,400,6912,80,CNN,128,1.4619691888440098,0.8659267193315817,0.494,0.235
GPU,RTX 4090,450,16384,24,Transformer,16,4.813015401363091,0.7785508296791304,1.689,0.802
CPU,Xeon Gold,165,24,128,Transformer,128,0.8704621194616601,0.41702568500563897,0.061,0.029
GPU,A100,400,6912,80,Transformer,16,4.256625545932686,0.5722634435885957,0.886,0.421
CPU,Xeon Gold,165,24,128,Transformer,16,1.6033201219049933,0.9257553559254256,0.241,0.114
GPU,A100,400,6912,80,LLM,16,4.71921327507464,0.9471718851826268,1.778,0.845
CPU,Xeon Gold,165,24,128,Transformer,16,5.643372269802059,0.48477977374816794,0.462,0.219
CPU,Xeon Gold,165,24,128,Transformer,64,2.099201081231737,0.5357990846671721,0.169,0.08
CPU,Xeon Gold,165,24,128,LLM,64,2.183123790082722,0.6790955013658582,0.238,0.113
GPU,V100,300,5120,32,CNN,64,9.68096516573087,0.7067398544375241,2.083,0.989
CPU,Xeon Gold,165,24,128,LLM,128,1.9299541708024288,0.8492163115657404,0.254,0.121
GPU,A100,400,6912,80,CNN,128,9.941559694547133,0.8841731191819098,3.703,1.759
GPU,A100,400,6912,80,CNN,16,7.442771272762183,0.4813912810512091,1.388,0.659
GPU,RTX 3090,350,10496,24,CNN,128,5.6587335475978,0.5252623548567653,1.127,0.535
CPU,Ryzen 9,105,16,64,CNN,32,4.855431033407949,0.42088985980941945,0.231,0.11
GPU,A100,400,6912,80,LLM,128,1.6857977326850588,0.8368158644021729,0.55,0.261
CPU,Ryzen 9,105,16,64,CNN,128,9.516565359349684,0.6820963288809587,0.68,0.323
GPU,V100,300,5120,32,Transformer,32,6.092949460247539,0.606431449355781,1.257,0.597
GPU,A100,400,6912,80,LLM,16,9.227979750760586,0.5992474479042251,2.318,1.101
GPU,A100,400,6912,80,CNN,64,9.81702376404258,0.6241713147155993,2.637,1.253
CPU,Xeon Gold,165,24,128,LLM,128,2.404507897519826,0.46009531567029177,0.198,0.094
CPU,Xeon Gold,165,24,128,CNN,128,6.581883959816426,0.5641392017990322,0.631,0.3
CPU,Ryzen 9,105,16,64,CNN,128,9.300634763935824,0.41051385193637024,0.342,0.162
CPU,Ryzen 9,105,16,64,CNN,32,0.7902198423871097,0.8796265861458542,0.071,0.034
GPU,V100,300,5120,32,Transformer,32,3.66736956051155,0.8031781544229963,0.851,0.404
GPU,RTX 3090,350,10496,24,Transformer,128,0.5842012085779545,0.948801470625088,0.206,0.098
CPU,Xeon Gold,165,24,128,CNN,128,7.657565261441206,0.8229075301592025,0.965,0.458
GPU,RTX 3090,350,10496,24,LLM,64,8.902030617268782,0.7850188500246573,2.443,1.16
CPU,Ryzen 9,105,16,64,Transformer,32,4.371658794808093,0.6239085690190952,0.274,0.13
GPU,A100,400,6912,80,LLM,16,5.71673819463314,0.7476494062284332,1.712,0.813
GPU,RTX 4090,450,16384,24,CNN,128,5.255930546668969,0.8369835494699118,2.04,0.969
CPU,Ryzen 9,105,16,64,Transformer,64,1.1925674359950833,0.6215803054479504,0.079,0.038
GPU,A100,400,6912,80,LLM,64,9.327666509502611,0.6228064819901615,2.284,1.085
CPU,Ryzen 9,105,16,64,CNN,16,6.0409461783330975,0.8632269104891713,0.55,0.261
CPU,Xeon Gold,165,24,128,LLM,32,3.899233799078714,0.7562995952947906,0.487,0.231
GPU,RTX 3090,350,10496,24,LLM,32,5.279297532408446,0.6471423581218031,1.209,0.574
GPU,V100,300,5120,32,Transformer,128,2.798350962997531,0.7926739478786244,0.708,0.336
CPU,Xeon Gold,165,24,128,LLM,16,5.748759190374947,0.6860934407709132,0.658,0.313
GPU,V100,300,5120,32,LLM,128,2.006929373000591,0.8850956933468996,0.544,0.259
GPU,RTX 4090,450,16384,24,LLM,64,1.0161543308175864,0.81175487876941,0.384,0.183
CPU,Ryzen 9,105,16,64,Transformer,128,9.009403896298641,0.7207965847971749,0.714,0.339
GPU,RTX 3090,350,10496,24,Transformer,16,2.8448267574180712,0.8074972308836392,0.811,0.385
GPU,RTX 4090,450,16384,24,Transformer,16,8.97278537570198,0.6385995807670912,2.443,1.16
CPU,Ryzen 9,105,16,64,LLM,32,1.3482504829929427,0.7778605965767835,0.114,0.054
GPU,RTX 3090,350,10496,24,LLM,16,0.5414510616779363,0.4918241988109593,0.094,0.045
GPU,A100,400,6912,80,CNN,64,2.2366687482405543,0.553141674537739,0.497,0.236
CPU,Ryzen 9,105,16,64,CNN,128,1.5009667613831366,0.8300031248397146,0.132,0.063
CPU,Xeon Gold,165,24,128,Transformer,64,1.4956766174769351,0.67421393972814,0.143,0.068
GPU,RTX 4090,450,16384,24,Transformer,64,7.822415873506858,0.401584688416088,1.415,0.672
GPU,RTX 3090,350,10496,24,CNN,64,4.45679210308685,0.8521989377490328,1.274,0.605
CPU,Ryzen 9,105,16,64,LLM,128,7.4397154291085075,0.7562422440846068,0.633,0.3
CPU,Xeon Gold,165,24,128,LLM,128,6.273645161400864,0.562415812664508,0.586,0.278
CPU,Ryzen 9,105,16,64,Transformer,64,6.00216492605986,0.4469377350663787,0.277,0.132
GPU,A100,400,6912,80,CNN,32,1.051873544763323,0.46133171677670204,0.185,0.088
GPU,RTX 4090,450,16384,24,Transformer,32,2.7979443937643866,0.9010877865220609,1.14,0.542
CPU,Ryzen 9,105,16,64,CNN,16,1.681499790504847,0.6275034712052494,0.106,0.05
GPU,V100,300,5120,32,Transformer,16,3.033414368288787,0.7986710746232594,0.77,0.366
GPU,V100,300,5120,32,Transformer,128,5.430806661230712,0.7726482471024243,1.152,0.547
GPU,RTX 3090,350,10496,24,Transformer,32,8.642730818634682,0.7164454717883557,2.132,1.013
GPU,A100,400,6912,80,LLM,32,8.167977604966385,0.46611397601631693,1.379,0.655
GPU,RTX 3090,350,10496,24,CNN,16,7.520752298985608,0.522794862027858,1.326,0.63
CPU,Ryzen 9,105,16,64,LLM,128,6.798569788346871,0.7016101199076097,0.505,0.24
GPU,RTX 3090,350,10496,24,CNN,64,4.281050283067777,0.5666036508582559,0.859,0.408
CPU,Xeon Gold,165,24,128,CNN,16,9.405095162561047,0.7318104931432186,1.126,0.535
GPU,RTX 4090,450,16384,24,Transformer,128,9.906984489082404,0.5315373277802337,2.567,1.219
GPU,V100,300,5120,32,Transformer,32,6.623616160052264,0.7087114486216215,1.32,0.627
GPU,V100,300,5120,32,LLM,32,1.8376280144804227,0.7423275028612981,0.397,0.188
GPU,A100,400,6912,80,CNN,128,3.1242545872639544,0.9399093281188463,1.098,0.522
GPU,V100,300,5120,32,LLM,128,2.969097302806912,0.5898557146718157,0.567,0.269
CPU,Ryzen 9,105,16,64,Transformer,16,4.964888547500397,0.8895776255678081,0.49,0.233
GPU,RTX 4090,450,16384,24,CNN,128,5.224468238605238,0.5266380063907831,1.307,0.621
CPU,Ryzen 9,105,16,64,CNN,64,9.60037415003932,0.691312848170091,0.713,0.339
CPU,Ryzen 9,105,16,64,CNN,32,6.398631607068227,0.9107631578581855,0.607,0.289
GPU,RTX 4090,450,16384,24,Transformer,32,5.692482849306802,0.6380488012152081,1.723,0.819
GPU,V100,300,5120,32,CNN,128,0.9748007722669481,0.864007315228503,0.255,0.121
GPU,A100,400,6912,80,CNN,128,5.508710277162169,0.6155220630249933,1.248,0.593
GPU,RTX 3090,350,10496,24,Transformer,32,6.138828886098467,0.4401948591148583,0.968,0.46
GPU,RTX 4090,450,16384,24,Transformer,16,0.6348054692597882,0.8561653948271819,0.245,0.116
GPU,RTX 4090,450,16384,24,Transformer,128,7.69444696777717,0.48891928993032907,1.741,0.827
CPU,Ryzen 9,105,16,64,LLM,16,2.704378374560507,0.6520290577160586,0.187,0.089
CPU,Ryzen 9,105,16,64,CNN,32,5.239508813091448,0.4066567142268591,0.21,0.1
GPU,V100,300,5120,32,CNN,64,4.0813626482996614,0.7035946661663965,0.808,0.384
GPU,V100,300,5120,32,Transformer,32,5.38949436265367,0.8445514917557657,1.407,0.668
CPU,Xeon Gold,165,24,128,LLM,16,0.7771127546300125,0.6644895806316549,0.085,0.04
GPU,RTX 3090,350,10496,24,CNN,128,5.074718732620616,0.7494940051127374,1.372,0.652
CPU,Xeon Gold,165,24,128,Transformer,64,9.225051105381382,0.9230107269764016,1.46,0.693
CPU,Xeon Gold,165,24,128,CNN,128,5.858703273918419,0.5972181538386803,0.536,0.254
GPU,RTX 3090,350,10496,24,Transformer,128,9.071245832891261,0.882545586712893,2.804,1.332
GPU,A100,400,6912,80,CNN,16,0.8698346515938408,0.41981035006028455,0.139,0.066
CPU,Ryzen 9,105,16,64,Transformer,128,6.95572430777213,0.5236896192487519,0.353,0.168
GPU,A100,400,6912,80,CNN,64,5.408634659649544,0.8173269395665288,1.944,0.923
CPU,Xeon Gold,165,24,128,LLM,128,8.993895874065881,0.920551082232723,1.463,0.695
GPU,RTX 4090,450,16384,24,LLM,128,5.672804805967666,0.5124534873300914,1.273,0.605
GPU,RTX 3090,350,10496,24,LLM,32,6.141123567691348,0.41804529327073464,0.899,0.427
GPU,A100,400,6912,80,LLM,16,8.203346519575225,0.8597042603507838,2.921,1.388
GPU,V100,300,5120,32,Transformer,128,7.8521091068213185,0.593931433260872,1.275,0.605
CPU,Xeon Gold,165,24,128,CNN,16,4.22232765119325,0.7006852863062225,0.496,0.236
GPU,RTX 3090,350,10496,24,CNN,16,4.457375370581776,0.6873805995970736,1.026,0.487
CPU,Ryzen 9,105,16,64,CNN,64,3.3874538664227596,0.5267291641645424,0.193,0.092
CPU,Ryzen 9,105,16,64,LLM,64,2.315627740212025,0.5705464960885153,0.147,0.07
CPU,Xeon Gold,165,24,128,CNN,32,4.5149773716292865,0.5666119981022361,0.439,0.209
CPU,Xeon Gold,165,24,128,CNN,16,2.901729257847405,0.5492912176988101,0.273,0.13
CPU,Ryzen 9,105,16,64,LLM,32,2.594640129546511,0.8193655864615541,0.22,0.105
CPU,Xeon Gold,165,24,128,CNN,32,4.116551971028224,0.6279583435466388,0.409,0.194
CPU,Ryzen 9,105,16,64,CNN,32,3.054044053302012,0.7456387260804493,0.245,0.117
GPU,RTX 3090,350,10496,24,CNN,16,6.214761853348328,0.5631079517132619,1.235,0.587
GPU,RTX 3090,350,10496,24,CNN,16,7.230652126181575,0.49464907611239267,1.186,0.563
GPU,RTX 3090,350,10496,24,LLM,128,8.361310038795601,0.7834651600503002,2.245,1.066
GPU,RTX 4090,450,16384,24,LLM,32,0.9930053454249033,0.47819374568714257,0.224,0.106
CPU,Ryzen 9,105,16,64,CNN,128,8.637103625605304,0.7856434238746428,0.687,0.326
GPU,RTX 3090,350,10496,24,CNN,128,4.114918243763999,0.48966943531237506,0.771,0.366
GPU,V100,300,5120,32,Transformer,64,0.6525877173195584,0.8301941947001854,0.162,0.077
GPU,V100,300,5120,32,LLM,16,5.260334862490872,0.7884062506298473,1.272,0.604
GPU,RTX 3090,350,10496,24,LLM,128,4.581161463972615,0.5698589332040375,0.903,0.429
CPU,Ryzen 9,105,16,64,LLM,64,9.548437608534545,0.5247000602814798,0.533,0.253
GPU,RTX 4090,450,16384,24,CNN,64,1.994095477707296,0.5703833225650046,0.537,0.255
GPU,RTX 3090,350,10496,24,CNN,64,1.173469970967211,0.5720747384703215,0.228,0.108
GPU,A100,400,6912,80,Transformer,32,8.411888579488576,0.8983478832646933,2.923,1.388
GPU,RTX 3090,350,10496,24,CNN,16,0.6880587542989167,0.6148751610422666,0.144,0.069
GPU,A100,400,6912,80,CNN,128,9.382447102468271,0.6367971152289544,2.308,1.096
GPU,A100,400,6912,80,CNN,64,3.214704083630707,0.6380217837795945,0.814,0.387
CPU,Ryzen 9,105,16,64,CNN,64,1.1850553828296342,0.5129707746629162,0.064,0.031
CPU,Ryzen 9,105,16,64,LLM,64,6.506680459557579,0.5094456764276902,0.357,0.169
CPU,Ryzen 9,105,16,64,CNN,32,1.4630425267550118,0.5528190268493418,0.085,0.04
GPU,RTX 4090,450,16384,24,CNN,128,1.47965294287672,0.7012815819108257,0.461,0.219
CPU,Ryzen 9,105,16,64,CNN,16,7.509907355928759,0.7875049354150949,0.624,0.296
GPU,A100,400,6912,80,LLM,128,2.450662917714598,0.6656718336573895,0.605,0.288
GPU,RTX 4090,450,16384,24,Transformer,64,7.052899067857151,0.479168052464727,1.514,0.719
CPU,Ryzen 9,105,16,64,LLM,32,6.424663393757528,0.7566776510652784,0.515,0.245
CPU,Xeon Gold,165,24,128,Transformer,64,7.186026954409822,0.6052928979545174,0.76,0.361
CPU,Ryzen 9,105,16,64,CNN,32,5.494684085811781,0.5372384017610368,0.326,0.155
CPU,Xeon Gold,165,24,128,CNN,16,1.6121273935296023,0.6469966097560207,0.17,0.081
CPU,Ryzen 9,105,16,64,Transformer,16,4.048770609952978,0.4277689194268244,0.184,0.088
GPU,RTX 3090,350,10496,24,CNN,128,6.0377975396405,0.5392058465487848,1.183,0.562
CPU,Ryzen 9,105,16,64,Transformer,32,1.4679844582928996,0.4045759682249556,0.067,0.032
GPU,RTX 4090,450,16384,24,LLM,16,8.9555417419199,0.4463657230362427,1.654,0.786
CPU,Xeon Gold,165,24,128,LLM,128,7.37275426957501,0.40497978886920405,0.482,0.229
GPU,V100,300,5120,32,CNN,32,5.695321675822424,0.768871538960279,1.281,0.608
GPU,RTX 3090,350,10496,24,CNN,64,8.835965443217578,0.8062977328996115,2.526,1.2
GPU,RTX 3090,350,10496,24,CNN,32,0.6502253642131397,0.44242984269677005,0.1,0.048
GPU,A100,400,6912,80,Transformer,32,6.263951384815646,0.7700794177289438,1.86,0.884
CPU,Ryzen 9,105,16,64,LLM,64,8.465672421508735,0.8427996751726144,0.681,0.323
CPU,Ryzen 9,105,16,64,LLM,128,6.359444274599141,0.8085848215173664,0.538,0.256
GPU,A100,400,6912,80,Transformer,16,3.2692095387753675,0.8239083919980534,1.086,0.516
GPU,RTX 3090,350,10496,24,LLM,32,3.0541083866308383,0.6026469059541184,0.669,0.318
CPU,Xeon Gold,165,24,128,CNN,32,0.8325751906646537,0.833055339752808,0.107,0.051
GPU,V100,300,5120,32,Transformer,128,4.5622126701817045,0.64340003314811,0.911,0.433
GPU,A100,400,6912,80,CNN,64,7.947879907548876,0.6306642864168344,1.957,0.93
GPU,RTX 3090,350,10496,24,CNN,16,3.3599377394259737,0.6764471834465717,0.725,0.344
GPU,A100,400,6912,80,Transformer,16,0.768957106825344,0.5155161422339549,0.155,0.073
GPU,RTX 4090,450,16384,24,CNN,128,2.9722476808596787,0.48772074439774704,0.699,0.332
CPU,Xeon Gold,165,24,128,CNN,32,7.971962632713047,0.9183922191360642,1.216,0.578
GPU,V100,300,5120,32,LLM,128,1.5491027024054753,0.5590530954627724,0.262,0.124
GPU,V100,300,5120,32,LLM,16,5.39255376724237,0.6945545981838199,1.108,0.526
GPU,RTX 3090,350,10496,24,CNN,128,3.4240604009670834,0.9025836441302926,1.09,0.518
CPU,Xeon Gold,165,24,128,Transformer,64,3.8670370135340213,0.6780987843820774,0.417,0.198
CPU,Xeon Gold,165,24,128,CNN,64,1.237587371893422,0.8558792019391273,0.165,0.078
CPU,Ryzen 9,105,16,64,CNN,16,8.658759326097469,0.7723174306482605,0.684,0.325
CPU,Ryzen 9,105,16,64,CNN,64,0.6258848182871501,0.5627685888722611,0.033,0.016
CPU,Xeon Gold,165,24,128,LLM,64,2.202905929523167,0.7816722747805862,0.245,0.116
CPU,Xeon Gold,165,24,128,Transformer,32,5.5529462505713845,0.8341877068073551,0.748,0.355
CPU,Ryzen 9,105,16,64,Transformer,64,1.2937662063515525,0.4105209315405079,0.057,0.027
GPU,RTX 4090,450,16384,24,Transformer,32,6.529072936630115,0.7201790941677891,2.153,1.023
GPU,RTX 3090,350,10496,24,Transformer,64,6.273650489408699,0.5349437727914161,1.127,0.535
CPU,Ryzen 9,105,16,64,LLM,64,7.6192093016110105,0.7145517121178304,0.546,0.259
CPU,Xeon Gold,165,24,128,CNN,64,4.4498634834715585,0.6359193833865793,0.447,0.212
GPU,RTX 4090,450,16384,24,CNN,16,2.434837808840506,0.5801536908490729,0.69,0.328
CPU,Ryzen 9,105,16,64,CNN,16,6.498479751574576,0.69287723652879,0.472,0.224
CPU,Xeon Gold,165,24,128,CNN,16,4.671407869882871,0.9392395636487044,0.794,0.377
CPU,Xeon Gold,165,24,128,CNN,32,7.765609238363134,0.7733937487928122,0.858,0.408
GPU,RTX 3090,350,10496,24,Transformer,16,8.031202078941721,0.4379752484730299,1.247,0.592
GPU,A100,400,6912,80,LLM,32,8.913387760296846,0.5220452534314051,1.887,0.897
GPU,RTX 3090,350,10496,24,CNN,64,8.303189447556596,0.8638293922833358,2.731,1.297
GPU,V100,300,5120,32,LLM,16,3.2123334111258597,0.6923675682262462,0.678,0.322
CPU,Xeon Gold,165,24,128,LLM,32,4.929942683331616,0.4416348500203831,0.354,0.168
GPU,RTX 3090,350,10496,24,Transformer,128,9.066853271189173,0.5119100083736777,1.622,0.771
GPU,RTX 3090,350,10496,24,LLM,16,1.1323649151851172,0.7565749040986525,0.291,0.138
GPU,RTX 4090,450,16384,24,Transformer,128,5.376997997136698,0.9440697646767625,2.161,1.027
CPU,Ryzen 9,105,16,64,Transformer,32,4.039066100715733,0.43779252274817854,0.179,0.085
GPU,V100,300,5120,32,LLM,64,4.0100783732981125,0.42492560342849206,0.528,0.251
GPU,RTX 3090,350,10496,24,CNN,16,0.5504780188492865,0.8424720533375023,0.153,0.073
GPU,RTX 3090,350,10496,24,CNN,16,6.045279083447958,0.8300779874368776,1.874,0.89
GPU,V100,300,5120,32,CNN,128,0.6389684593379192,0.513983264872883,0.093,0.044
CPU,Xeon Gold,165,24,128,LLM,128,2.1138695574819852,0.507236359945159,0.167,0.079
GPU,A100,400,6912,80,CNN,16,6.7142610017647995,0.8890203581670054,2.346,1.114
CPU,Xeon Gold,165,24,128,Transformer,16,7.703539274532562,0.5687974822570135,0.687,0.326
GPU,A100,400,6912,80,CNN,32,2.7942559659319177,0.5182019503700177,0.606,0.288
CPU,Ryzen 9,105,16,64,Transformer,16,5.317066644017824,0.5033562094484276,0.266,0.127
GPU,A100,400,6912,80,Transformer,16,4.782374696920456,0.927173809617257,1.795,0.853
CPU,Ryzen 9,105,16,64,Transformer,64,5.565888293151474,0.7502189443743799,0.407,0.193
CPU,Xeon Gold,165,24,128,CNN,128,7.099089109490414,0.52029358714886,0.643,0.305
CPU,Ryzen 9,105,16,64,Transformer,128,6.7887049755417515,0.8482168506972965,0.615,0.292
GPU,V100,300,5120,32,Transformer,128,7.140013870630163,0.6025909675868932,1.289,0.612
GPU,RTX 3090,350,10496,24,CNN,16,2.9659762681129673,0.41852202213095524,0.456,0.216
CPU,Ryzen 9,105,16,64,CNN,128,9.030232276097825,0.8884650039137196,0.857,0.407
CPU,Xeon Gold,165,24,128,LLM,32,9.9634978982384,0.8539786152681714,1.456,0.692
CPU,Xeon Gold,165,24,128,Transformer,64,1.4017203998058623,0.9493909366183098,0.226,0.107
CPU,Xeon Gold,165,24,128,LLM,64,8.112805922801181,0.7708423631035745,1.027,0.488
GPU,RTX 3090,350,10496,24,LLM,64,0.7130459470395236,0.5982347549278173,0.146,0.069
CPU,Ryzen 9,105,16,64,LLM,16,0.6301362288846881,0.4441222355506428,0.03,0.014
GPU,V100,300,5120,32,LLM,64,8.452636464391196,0.7407394100199668,2.003,0.952
GPU,A100,400,6912,80,CNN,16,8.712115845249459,0.7228150786073988,2.543,1.208
GPU,A100,400,6912,80,LLM,16,6.923191277088757,0.4761395213311669,1.279,0.607
GPU,V100,300,5120,32,LLM,32,8.74990248544313,0.6085202121066058,1.627,0.773
GPU,A100,400,6912,80,CNN,128,9.958495540239392,0.9396148493273646,3.35,1.591
CPU,Ryzen 9,105,16,64,CNN,32,4.881085561912145,0.9169624855834023,0.468,0.222
GPU,RTX 4090,450,16384,24,LLM,64,6.936550331895004,0.6052174401323109,1.827,0.868
GPU,A100,400,6912,80,CNN,64,6.500613393287471,0.4299149116872712,1.174,0.558
GPU,RTX 4090,450,16384,24,Transformer,128,1.9839624025229088,0.749767179754691,0.714,0.339
GPU,RTX 3090,350,10496,24,LLM,32,2.4395823120983087,0.4232882533248111,0.379,0.18
CPU,Ryzen 9,105,16,64,Transformer,64,0.6818762459699484,0.8285064225176827,0.061,0.029
GPU,A100,400,6912,80,LLM,128,4.809000499266924,0.6501798435415775,1.253,0.595
GPU,RTX 4090,450,16384,24,Transformer,16,8.875348578840978,0.7214748875419346,2.962,1.407
CPU,Ryzen 9,105,16,64,Transformer,128,9.252421366023267,0.7207549423524037,0.707,0.336
GPU,V100,300,5120,32,CNN,128,4.5216838694553765,0.44651095795348084,0.58,0.276
GPU,V100,300,5120,32,LLM,64,8.88769075692786,0.7624749755727278,2.078,0.987
GPU,A100,400,6912,80,CNN,16,8.100697604730247,0.8865208111066532,2.873,1.365
GPU,A100,400,6912,80,LLM,64,0.7852470506292317,0.8935512261850125,0.303,0.144
CPU,Xeon Gold,165,24,128,Transformer,16,1.7154007828619402,0.5911288953338496,0.179,0.085
GPU,V100,300,5120,32,CNN,16,6.858431787037852,0.8905412067911094,1.813,0.861
GPU,RTX 4090,450,16384,24,LLM,128,2.502534464725272,0.5261511773707198,0.57,0.271
GPU,RTX 4090,450,16384,24,Transformer,64,9.45264281302163,0.44115166285723517,1.717,0.815
GPU,A100,400,6912,80,Transformer,128,6.490518945039377,0.5208387347152702,1.321,0.627
GPU,V100,300,5120,32,Transformer,16,2.9363990796592767,0.5954258616606383,0.547,0.26
CPU,Ryzen 9,105,16,64,CNN,128,5.045713104431638,0.8293058147879675,0.472,0.224
CPU,Ryzen 9,105,16,64,LLM,64,0.5298386074571602,0.4958338709049588,0.027,0.013
GPU,RTX 4090,450,16384,24,CNN,32,7.2942713204122915,0.555055473597601,1.746,0.829
GPU,RTX 3090,350,10496,24,Transformer,64,7.387557724841628,0.715858166299616,1.867,0.887
GPU,RTX 3090,350,10496,24,Transformer,128,2.354081913577179,0.6691658955736237,0.523,0.248
GPU,RTX 3090,350,10496,24,LLM,128,5.815999117420748,0.7778715328203643,1.659,0.788
GPU,RTX 4090,450,16384,24,LLM,128,7.1360409394868025,0.6288799522023337,1.982,0.942
CPU,Ryzen 9,105,16,64,CNN,32,8.953895401498123,0.8498209681102662,0.875,0.416
GPU,RTX 4090,450,16384,24,Transformer,64,6.625079861479777,0.5264046991886902,1.697,0.806
GPU,RTX 3090,350,10496,24,CNN,32,6.785838966477296,0.4776729488552322,1.122,0.533
GPU,A100,400,6912,80,LLM,32,2.2369589087537625,0.8541410233583668,0.773,0.367
CPU,Xeon Gold,165,24,128,Transformer,16,9.714301990779314,0.7141932584654036,1.105,0.525
GPU,RTX 4090,450,16384,24,LLM,64,8.992859447946127,0.585614179121194,2.465,1.171
CPU,Xeon Gold,165,24,128,LLM,64,3.707668368992729,0.9436869063974956,0.558,0.265
GPU,RTX 4090,450,16384,24,LLM,16,6.094864211982859,0.8134218946126055,2.155,1.024
GPU,RTX 4090,450,16384,24,Transformer,16,1.0083873976739113,0.607091658284114,0.274,0.13
CPU,Xeon Gold,165,24,128,CNN,64,3.2925164596605265,0.5303965896845371,0.271,0.129
CPU,Xeon Gold,165,24,128,LLM,32,3.268878678191042,0.5141475149131369,0.283,0.135
CPU,Xeon Gold,165,24,128,CNN,64,7.838904717754338,0.7863685878736578,1.087,0.516
GPU,RTX 4090,450,16384,24,Transformer,64,4.584859534150067,0.7283008798006608,1.49,0.708
CPU,Ryzen 9,105,16,64,Transformer,32,5.019034271104108,0.7709198084976898,0.419,0.199
CPU,Xeon Gold,165,24,128,LLM,64,6.642704217512288,0.5247076514238195,0.576,0.273
CPU,Xeon Gold,165,24,128,LLM,16,6.4500623407338535,0.5531589009101537,0.615,0.292
GPU,V100,300,5120,32,CNN,64,8.472213752312836,0.48837377159151485,1.193,0.567
GPU,V100,300,5120,32,CNN,128,7.847119953931372,0.9032312257928827,2.2,1.045
GPU,A100,400,6912,80,Transformer,32,7.108434197363551,0.7359239018767711,2.242,1.065
GPU,A100,400,6912,80,LLM,16,7.841328486818251,0.5303133286986568,1.612,0.766
CPU,Xeon Gold,165,24,128,CNN,32,8.43312648182269,0.9100453493224634,1.273,0.604
GPU,RTX 3090,350,10496,24,CNN,16,2.7270432001093896,0.5897960600322786,0.599,0.285
CPU,Xeon Gold,165,24,128,LLM,64,3.290871108656712,0.4228245419506937,0.238,0.113
GPU,A100,400,6912,80,Transformer,16,3.3087181453186103,0.7407887598197073,0.909,0.432
GPU,A100,400,6912,80,Transformer,32,3.1359144573870634,0.5548888231580975,0.764,0.363
GPU,RTX 3090,350,10496,24,CNN,64,3.795416775461663,0.6396046347510804,0.829,0.394
GPU,RTX 4090,450,16384,24,LLM,128,1.8514247778797466,0.5722397610063774,0.457,0.217
GPU,RTX 3090,350,10496,24,LLM,32,9.856034567687393,0.9164480321472877,2.964,1.408
GPU,V100,300,5120,32,Transformer,128,1.087180376547615,0.4507982904612582,0.14,0.066
CPU,Ryzen 9,105,16,64,CNN,32,4.743788008955943,0.6758348781925915,0.352,0.167
CPU,Ryzen 9,105,16,64,Transformer,128,6.788179510051609,0.8131474253247235,0.557,0.264
CPU,Xeon Gold,165,24,128,LLM,64,7.691957089636942,0.43058303692425337,0.531,0.252
GPU,A100,400,6912,80,CNN,32,6.803474142177796,0.6261586188854003,1.671,0.794
GPU,V100,300,5120,32,LLM,128,3.303187318010939,0.5643714243924669,0.586,0.278
GPU,RTX 3090,350,10496,24,Transformer,32,2.3107934142072732,0.5015478515410531,0.426,0.202
GPU,V100,300,5120,32,Transformer,128,2.146759003265168,0.6671995859019473,0.436,0.207
CPU,Ryzen 9,105,16,64,CNN,128,5.181786053061834,0.5649681383773625,0.319,0.152
GPU,RTX 3090,350,10496,24,Transformer,128,5.693608979685236,0.8963271683073568,1.909,0.907
GPU,V100,300,5120,32,LLM,16,0.6441803817248555,0.7197794080701112,0.141,0.067
GPU,A100,400,6912,80,Transformer,128,5.825508185509962,0.9184625473316467,2.276,1.081
GPU,A100,400,6912,80,CNN,16,7.909889105650171,0.4543054637854662,1.364,0.648
CPU,Xeon Gold,165,24,128,Transformer,128,2.5396109309018766,0.43697879904980863,0.182,0.087
GPU,RTX 4090,450,16384,24,CNN,64,7.147199457945024,0.739319215061476,2.265,1.076
GPU,RTX 4090,450,16384,24,CNN,16,5.895755824502765,0.5629966874323086,1.499,0.712
CPU,Xeon Gold,165,24,128,Transformer,64,4.523705201923015,0.8364638599963409,0.622,0.296
GPU,RTX 4090,450,16384,24,LLM,16,1.5991625227128705,0.4149875065729483,0.305,0.145
CPU,Ryzen 9,105,16,64,CNN,64,6.33271791008971,0.5390719650375612,0.37,0.176
GPU,RTX 3090,350,10496,24,Transformer,128,5.034828782162813,0.5929505101342586,1.061,0.504
CPU,Ryzen 9,105,16,64,LLM,16,0.9919659429617602,0.7065208164228697,0.073,0.035
CPU,Ryzen 9,105,16,64,CNN,64,8.488632748827618,0.5216812830453352,0.445,0.211
CPU,Xeon Gold,165,24,128,LLM,16,8.324424302115247,0.6115360917883225,0.803,0.382
GPU,V100,300,5120,32,Transformer,64,6.952391936411109,0.4421125421384465,0.892,0.424
GPU,RTX 3090,350,10496,24,Transformer,128,0.8102610774527108,0.6615779055021045,0.195,0.093
GPU,RTX 4090,450,16384,24,Transformer,32,3.6550429414271832,0.9104560095303825,1.405,0.667
CPU,Xeon Gold,165,24,128,LLM,64,4.46783646026145,0.46399716684047276,0.36,0.171
GPU,V100,300,5120,32,LLM,128,4.330473683265896,0.8585042057613448,1.19,0.565
CPU,Xeon Gold,165,24,128,CNN,16,4.0478504787607,0.5404350055697843,0.39,0.185
CPU,Ryzen 9,105,16,64,Transformer,64,5.608937880043077,0.552954733286496,0.32,0.152
CPU,Ryzen 9,105,16,64,LLM,128,0.7769742672098454,0.8989869193960232,0.069,0.033
CPU,Xeon Gold,165,24,128,Transformer,128,5.791884876112833,0.5272593500072664,0.497,0.236
GPU,A100,400,6912,80,LLM,128,9.602121084734621,0.5212453023349805,1.997,0.949
GPU,RTX 4090,450,16384,24,CNN,32,6.483296217129723,0.6217658482511025,1.756,0.834
CPU,Ryzen 9,105,16,64,Transformer,64,0.9089978257988514,0.8295301250044393,0.082,0.039
CPU,Xeon Gold,165,24,128,LLM,32,8.412832297955166,0.697163092484669,0.995,0.472
CPU,Xeon Gold,165,24,128,Transformer,32,1.522334755218659,0.8224704981094852,0.213,0.101
GPU,RTX 4090,450,16384,24,CNN,128,3.430448674150098,0.7151732103404587,1.078,0.512
GPU,A100,400,6912,80,LLM,16,3.0839867507713823,0.4035084738736249,0.471,0.224
GPU,RTX 3090,350,10496,24,CNN,128,2.503419162967487,0.8714554113827737,0.809,0.384
CPU,Ryzen 9,105,16,64,LLM,128,9.494184324576286,0.6201167517173196,0.592,0.281
GPU,RTX 4090,450,16384,24,LLM,32,9.977416811388162,0.5051226486468933,2.515,1.195
GPU,RTX 3090,350,10496,24,Transformer,64,1.6436819984963456,0.9161913809102217,0.524,0.249
CPU,Ryzen 9,105,16,64,CNN,128,2.02214320927681,0.4940150213314666,0.091,0.043
GPU,RTX 3090,350,10496,24,Transformer,32,9.030664145053992,0.44627021424266056,1.487,0.706
GPU,RTX 3090,350,10496,24,Transformer,32,2.0164365636055885,0.5845928001378514,0.401,0.19
GPU,A100,400,6912,80,LLM,16,0.7252236596229247,0.8592209631319221,0.236,0.112
CPU,Ryzen 9,105,16,64,Transformer,32,9.301406080583757,0.6307950605437457,0.588,0.28
GPU,A100,400,6912,80,LLM,64,4.490038703773347,0.4053277855075323,0.731,0.347
CPU,Ryzen 9,105,16,64,CNN,128,7.980033602418093,0.5685380524868544,0.467,0.222
GPU,RTX 4090,450,16384,24,CNN,32,5.879042649649858,0.40344160906455867,1.118,0.531
CPU,Ryzen 9,105,16,64,LLM,32,0.9804444863301742,0.6343666808737269,0.062,0.029
GPU,A100,400,6912,80,CNN,128,2.6069287928270266,0.574655018928226,0.596,0.283
CPU,Xeon Gold,165,24,128,LLM,128,8.771540326845674,0.44593870307401035,0.616,0.293
CPU,Ryzen 9,105,16,64,Transformer,16,6.796564604992356,0.8788486348159197,0.567,0.269
GPU,V100,300,5120,32,LLM,32,5.534435575837213,0.48875204711361075,0.784,0.372
CPU,Xeon Gold,165,24,128,CNN,128,7.721528833006511,0.4846449475815755,0.592,0.281
GPU,RTX 4090,450,16384,24,Transformer,32,1.692872997053888,0.49421222680191873,0.4,0.19
GPU,V100,300,5120,32,Transformer,16,4.2231503479671355,0.7834400306758893,0.928,0.441
GPU,V100,300,5120,32,CNN,32,2.684940662650785,0.6262171846364272,0.473,0.225
GPU,V100,300,5120,32,LLM,128,8.009944847580897,0.47760917671174313,1.126,0.535
GPU,V100,300,5120,32,LLM,32,7.510534000277126,0.5982609778278547,1.428,0.678
GPU,V100,300,5120,32,CNN,16,9.90268592738868,0.41651173268198954,1.293,0.614
CPU,Xeon Gold,165,24,128,LLM,32,3.2496754553851352,0.6572246668666823,0.385,0.183
GPU,A100,400,6912,80,Transformer,16,4.561121313857546,0.5816565671261464,1.179,0.56
CPU,Xeon Gold,165,24,128,LLM,64,7.046332710608182,0.8528002669740166,0.992,0.471
CPU,Xeon Gold,165,24,128,LLM,64,0.6539037747249385,0.8501092336287444,0.088,0.042
GPU,RTX 3090,350,10496,24,LLM,32,2.49802628471504,0.8209498501219223,0.602,0.286
GPU,RTX 4090,450,16384,24,LLM,64,1.6965743656039034,0.9385333553053385,0.68,0.323
CPU,Xeon Gold,165,24,128,Transformer,16,7.077365908466935,0.5283330524571297,0.606,0.288
